<?xml version="1.0" encoding="UTF-8"?>
<!-- Created with TexturePacker http://www.codeandweb.com/texturepacker-->
<!-- $TexturePacker:SmartUpdate:3c7f5cc931c62bebe8061ce160dd2469:bf6ca513926574731fd5467871cf99d8:b6a87d381a4cdd0a6c9d6b0412056220$ -->
<!--Format:
n  => name of the sprite
x  => sprite x pos in texture
y  => sprite y pos in texture
w  => sprite width (may be trimmed)
h  => sprite height (may be trimmed)
pX => x pos of the pivot point (relative to sprite width)
pY => y pos of the pivot point (relative to sprite height)
oX => sprite's x-corner offset (only available if trimmed)
oY => sprite's y-corner offset (only available if trimmed)
oW => sprite's original width (only available if trimmed)
oH => sprite's original height (only available if trimmed)
r => 'y' only set if sprite is rotated
with polygon mode enabled:
vertices   => points in sprite coordinate system (x0,y0,x1,y1,x2,y2, ...)
verticesUV => points in sheet coordinate system (x0,y0,x1,y1,x2,y2, ...)
triangles  => sprite triangulation, 3 vertex indices per triangle
-->
<TextureAtlas imagePath="AirDash.png" width="2008" height="604">
    <sprite n="cuphead_idle_0001 - 2021-11-28T154357.394.png" x="1" y="1" w="500" h="300" pX="0.5" pY="0.5"/>
    <sprite n="cuphead_idle_0001 - 2021-11-28T154407.556.png" x="503" y="1" w="500" h="300" pX="0.5" pY="0.5"/>
    <sprite n="cuphead_idle_0001 - 2021-11-28T154427.389.png" x="1005" y="1" w="500" h="300" pX="0.5" pY="0.5"/>
    <sprite n="cuphead_idle_0001 - 2021-11-28T154436.611.png" x="1507" y="1" w="500" h="300" pX="0.5" pY="0.5"/>
    <sprite n="cuphead_idle_0001 - 2021-11-28T154457.139.png" x="1" y="303" w="500" h="300" pX="0.5" pY="0.5"/>
    <sprite n="cuphead_idle_0001 - 2021-11-28T154509.373.png" x="503" y="303" w="500" h="300" pX="0.5" pY="0.5"/>
    <sprite n="cuphead_idle_0001 - 2021-11-28T154518.241.png" x="1005" y="303" w="500" h="300" pX="0.5" pY="0.5"/>
    <sprite n="cuphead_idle_0001 - 2021-11-28T154531.849.png" x="1507" y="303" w="500" h="300" pX="0.5" pY="0.5"/>
</TextureAtlas>
