<?xml version="1.0" encoding="UTF-8"?>
<!-- Created with TexturePacker http://www.codeandweb.com/texturepacker-->
<!-- $TexturePacker:SmartUpdate:a3780a1738df516be8f228d5515e67f8:d64831052df56da61abc10ceba51ef32:eb1e68f4831225e137c2dae46f9fa7e9$ -->
<!--Format:
n  => name of the sprite
x  => sprite x pos in texture
y  => sprite y pos in texture
w  => sprite width (may be trimmed)
h  => sprite height (may be trimmed)
pX => x pos of the pivot point (relative to sprite width)
pY => y pos of the pivot point (relative to sprite height)
oX => sprite's x-corner offset (only available if trimmed)
oY => sprite's y-corner offset (only available if trimmed)
oW => sprite's original width (only available if trimmed)
oH => sprite's original height (only available if trimmed)
r => 'y' only set if sprite is rotated
with polygon mode enabled:
vertices   => points in sprite coordinate system (x0,y0,x1,y1,x2,y2, ...)
verticesUV => points in sheet coordinate system (x0,y0,x1,y1,x2,y2, ...)
triangles  => sprite triangulation, 3 vertex indices per triangle
-->
<TextureAtlas imagePath="DiaUpSpecialShot.png" width="906" height="906">
    <sprite n="cuphead_ex_up_0001 (10).png" x="1" y="1" w="300" h="300" pX="0.5" pY="0.5"/>
    <sprite n="cuphead_ex_up_0001 (11).png" x="1" y="303" w="300" h="300" pX="0.5" pY="0.5"/>
    <sprite n="cuphead_ex_up_0001 (12).png" x="1" y="605" w="300" h="300" pX="0.5" pY="0.5"/>
    <sprite n="cuphead_ex_up_0001 (13).png" x="303" y="1" w="300" h="300" pX="0.5" pY="0.5"/>
    <sprite n="cuphead_ex_up_0001 (14).png" x="605" y="1" w="300" h="300" pX="0.5" pY="0.5"/>
    <sprite n="cuphead_ex_up_0001 (15).png" x="303" y="303" w="300" h="300" pX="0.5" pY="0.5"/>
    <sprite n="cuphead_ex_up_0001 (16).png" x="303" y="605" w="300" h="300" pX="0.5" pY="0.5"/>
    <sprite n="cuphead_ex_up_0001 (17).png" x="605" y="303" w="300" h="300" pX="0.5" pY="0.5"/>
</TextureAtlas>
