<?xml version="1.0" encoding="UTF-8"?>
<!-- Created with TexturePacker http://www.codeandweb.com/texturepacker-->
<!-- $TexturePacker:SmartUpdate:eb32cc0b3973de9ec1985312af82928d:a390b18bf2a5a623e923dd6aa08b9282:dafdc7a48b71c132930b264b981d7168$ -->
<!--Format:
n  => name of the sprite
x  => sprite x pos in texture
y  => sprite y pos in texture
w  => sprite width (may be trimmed)
h  => sprite height (may be trimmed)
pX => x pos of the pivot point (relative to sprite width)
pY => y pos of the pivot point (relative to sprite height)
oX => sprite's x-corner offset (only available if trimmed)
oY => sprite's y-corner offset (only available if trimmed)
oW => sprite's original width (only available if trimmed)
oH => sprite's original height (only available if trimmed)
r => 'y' only set if sprite is rotated
with polygon mode enabled:
vertices   => points in sprite coordinate system (x0,y0,x1,y1,x2,y2, ...)
verticesUV => points in sheet coordinate system (x0,y0,x1,y1,x2,y2, ...)
triangles  => sprite triangulation, 3 vertex indices per triangle
-->
<TextureAtlas imagePath="DownSpecialShot.png" width="906" height="906">
    <sprite n="cuphead_ex_up_0001 (1).png" x="1" y="1" w="300" h="300" pX="0.5" pY="0.5"/>
    <sprite n="cuphead_ex_up_0001 (2).png" x="1" y="303" w="300" h="300" pX="0.5" pY="0.5"/>
    <sprite n="cuphead_ex_up_0001 (3).png" x="1" y="605" w="300" h="300" pX="0.5" pY="0.5"/>
    <sprite n="cuphead_ex_up_0001 (4).png" x="303" y="1" w="300" h="300" pX="0.5" pY="0.5"/>
    <sprite n="cuphead_ex_up_0001 (5).png" x="605" y="1" w="300" h="300" pX="0.5" pY="0.5"/>
    <sprite n="cuphead_ex_up_0001 (6).png" x="303" y="303" w="300" h="300" pX="0.5" pY="0.5"/>
    <sprite n="cuphead_ex_up_0001 (7).png" x="303" y="605" w="300" h="300" pX="0.5" pY="0.5"/>
    <sprite n="cuphead_ex_up_0001 (8).png" x="605" y="303" w="300" h="300" pX="0.5" pY="0.5"/>
</TextureAtlas>
