<?xml version="1.0" encoding="UTF-8"?>
<!-- Created with TexturePacker http://www.codeandweb.com/texturepacker-->
<!-- $TexturePacker:SmartUpdate:0ab0cc9dce7fa9c199b55160a83decd0:900cfa293dd1ebc1eda6f90f0a628942:23a485f78e1648c7f1f0a3cf1251a945$ -->
<!--Format:
n  => name of the sprite
x  => sprite x pos in texture
y  => sprite y pos in texture
w  => sprite width (may be trimmed)
h  => sprite height (may be trimmed)
pX => x pos of the pivot point (relative to sprite width)
pY => y pos of the pivot point (relative to sprite height)
oX => sprite's x-corner offset (only available if trimmed)
oY => sprite's y-corner offset (only available if trimmed)
oW => sprite's original width (only available if trimmed)
oH => sprite's original height (only available if trimmed)
r => 'y' only set if sprite is rotated
with polygon mode enabled:
vertices   => points in sprite coordinate system (x0,y0,x1,y1,x2,y2, ...)
verticesUV => points in sheet coordinate system (x0,y0,x1,y1,x2,y2, ...)
triangles  => sprite triangulation, 3 vertex indices per triangle
-->
<TextureAtlas imagePath="GroundStraightSpecialShot.png" width="2008" height="604">
    <sprite n="cuphead_idle_0001 - 2021-11-28T160030.935.png" x="1" y="1" w="500" h="300" pX="0.5" pY="0.5"/>
    <sprite n="cuphead_idle_0001 - 2021-11-28T160048.999.png" x="503" y="1" w="500" h="300" pX="0.5" pY="0.5"/>
    <sprite n="cuphead_idle_0001 - 2021-11-28T160059.245.png" x="1005" y="1" w="500" h="300" pX="0.5" pY="0.5"/>
    <sprite n="cuphead_idle_0001 - 2021-11-28T160108.845.png" x="1507" y="1" w="500" h="300" pX="0.5" pY="0.5"/>
    <sprite n="cuphead_idle_0001 - 2021-11-28T160129.341.png" x="1" y="303" w="500" h="300" pX="0.5" pY="0.5"/>
    <sprite n="cuphead_idle_0001 - 2021-11-28T160139.634.png" x="503" y="303" w="500" h="300" pX="0.5" pY="0.5"/>
    <sprite n="cuphead_idle_0001 - 2021-11-28T160149.265.png" x="1005" y="303" w="500" h="300" pX="0.5" pY="0.5"/>
    <sprite n="cuphead_idle_0001 - 2021-11-28T160159.118.png" x="1507" y="303" w="500" h="300" pX="0.5" pY="0.5"/>
</TextureAtlas>
