<?xml version="1.0" encoding="UTF-8"?>
<!-- Created with TexturePacker http://www.codeandweb.com/texturepacker-->
<!-- $TexturePacker:SmartUpdate:e251bba03aae1b84716de79142b0ad64:1ced184c5ed03b33afd6342f7cc1f54f:d54bcea3273bf713da04d6aaf2a1b05e$ -->
<!--Format:
n  => name of the sprite
x  => sprite x pos in texture
y  => sprite y pos in texture
w  => sprite width (may be trimmed)
h  => sprite height (may be trimmed)
pX => x pos of the pivot point (relative to sprite width)
pY => y pos of the pivot point (relative to sprite height)
oX => sprite's x-corner offset (only available if trimmed)
oY => sprite's y-corner offset (only available if trimmed)
oW => sprite's original width (only available if trimmed)
oH => sprite's original height (only available if trimmed)
r => 'y' only set if sprite is rotated
with polygon mode enabled:
vertices   => points in sprite coordinate system (x0,y0,x1,y1,x2,y2, ...)
verticesUV => points in sheet coordinate system (x0,y0,x1,y1,x2,y2, ...)
triangles  => sprite triangulation, 3 vertex indices per triangle
-->
<TextureAtlas imagePath="Intro_A_Start.png" width="302" height="3624">
    <sprite n="cuphead_intro_a_0001(0).png" x="1" y="1" w="300" h="300" pX="0.5" pY="0.5"/>
    <sprite n="cuphead_intro_a_0001(1).png" x="1" y="303" w="300" h="300" pX="0.5" pY="0.5"/>
    <sprite n="cuphead_intro_a_0001(2).png" x="1" y="1209" w="300" h="300" pX="0.5" pY="0.5"/>
    <sprite n="cuphead_intro_a_0001(3).png" x="1" y="1511" w="300" h="300" pX="0.5" pY="0.5"/>
    <sprite n="cuphead_intro_a_0001(4).png" x="1" y="1813" w="300" h="300" pX="0.5" pY="0.5"/>
    <sprite n="cuphead_intro_a_0001(5).png" x="1" y="2115" w="300" h="300" pX="0.5" pY="0.5"/>
    <sprite n="cuphead_intro_a_0001(6).png" x="1" y="2417" w="300" h="300" pX="0.5" pY="0.5"/>
    <sprite n="cuphead_intro_a_0001(7).png" x="1" y="2719" w="300" h="300" pX="0.5" pY="0.5"/>
    <sprite n="cuphead_intro_a_0001(8).png" x="1" y="3021" w="300" h="300" pX="0.5" pY="0.5"/>
    <sprite n="cuphead_intro_a_0001(9).png" x="1" y="3323" w="300" h="300" pX="0.5" pY="0.5"/>
    <sprite n="cuphead_intro_a_0001(10).png" x="1" y="605" w="300" h="300" pX="0.5" pY="0.5"/>
    <sprite n="cuphead_intro_a_0001(11).png" x="1" y="907" w="300" h="300" pX="0.5" pY="0.5"/>
</TextureAtlas>
