<?xml version="1.0" encoding="UTF-8"?>
<!-- Created with TexturePacker http://www.codeandweb.com/texturepacker-->
<!-- $TexturePacker:SmartUpdate:0afcdec5e8e33f64e88bfbaddca38a34:4373ce9042515051ff1b8d1f301aaed5:7fbb36905af357beebac8c781110f58b$ -->
<!--Format:
n  => name of the sprite
x  => sprite x pos in texture
y  => sprite y pos in texture
w  => sprite width (may be trimmed)
h  => sprite height (may be trimmed)
pX => x pos of the pivot point (relative to sprite width)
pY => y pos of the pivot point (relative to sprite height)
oX => sprite's x-corner offset (only available if trimmed)
oY => sprite's y-corner offset (only available if trimmed)
oW => sprite's original width (only available if trimmed)
oH => sprite's original height (only available if trimmed)
r => 'y' only set if sprite is rotated
with polygon mode enabled:
vertices   => points in sprite coordinate system (x0,y0,x1,y1,x2,y2, ...)
verticesUV => points in sheet coordinate system (x0,y0,x1,y1,x2,y2, ...)
triangles  => sprite triangulation, 3 vertex indices per triangle
-->
<TextureAtlas imagePath="Intro_A_End.png" width="302" height="2718">
    <sprite n="cuphead_intro_a_0001(20).png" x="1" y="1" w="300" h="300" pX="0.5" pY="0.5"/>
    <sprite n="cuphead_intro_a_0001(21).png" x="1" y="303" w="300" h="300" pX="0.5" pY="0.5"/>
    <sprite n="cuphead_intro_a_0001(22).png" x="1" y="605" w="300" h="300" pX="0.5" pY="0.5"/>
    <sprite n="cuphead_intro_a_0001(23).png" x="1" y="907" w="300" h="300" pX="0.5" pY="0.5"/>
    <sprite n="cuphead_intro_a_0001(24).png" x="1" y="1209" w="300" h="300" pX="0.5" pY="0.5"/>
    <sprite n="cuphead_intro_a_0001(25).png" x="1" y="1511" w="300" h="300" pX="0.5" pY="0.5"/>
    <sprite n="cuphead_intro_a_0001(26).png" x="1" y="1813" w="300" h="300" pX="0.5" pY="0.5"/>
    <sprite n="cuphead_intro_a_0001(27).png" x="1" y="2115" w="300" h="300" pX="0.5" pY="0.5"/>
    <sprite n="cuphead_intro_a_0001(28).png" x="1" y="2417" w="300" h="300" pX="0.5" pY="0.5"/>
</TextureAtlas>
