<?xml version="1.0" encoding="UTF-8"?>
<!-- Created with TexturePacker http://www.codeandweb.com/texturepacker-->
<!-- $TexturePacker:SmartUpdate:85b8ef086bb02963f23b19c39ed4f772:46a692f18c10b1f4871c09b2bdd80aec:1e5b3141a6db1c610d8181e9ba9d60c6$ -->
<!--Format:
n  => name of the sprite
x  => sprite x pos in texture
y  => sprite y pos in texture
w  => sprite width (may be trimmed)
h  => sprite height (may be trimmed)
pX => x pos of the pivot point (relative to sprite width)
pY => y pos of the pivot point (relative to sprite height)
oX => sprite's x-corner offset (only available if trimmed)
oY => sprite's y-corner offset (only available if trimmed)
oW => sprite's original width (only available if trimmed)
oH => sprite's original height (only available if trimmed)
r => 'y' only set if sprite is rotated
with polygon mode enabled:
vertices   => points in sprite coordinate system (x0,y0,x1,y1,x2,y2, ...)
verticesUV => points in sheet coordinate system (x0,y0,x1,y1,x2,y2, ...)
triangles  => sprite triangulation, 3 vertex indices per triangle
-->
<TextureAtlas imagePath="Plane_Up_Trans.png" width="1208" height="906">
    <sprite n="cuphead_plane_idle_straight_0013.png" x="1" y="1" w="300" h="300" pX="0.5" pY="0.5"/>
    <sprite n="cuphead_plane_idle_straight_0014.png" x="1" y="303" w="300" h="300" pX="0.5" pY="0.5"/>
    <sprite n="cuphead_plane_idle_straight_0015.png" x="1" y="605" w="300" h="300" pX="0.5" pY="0.5"/>
    <sprite n="cuphead_plane_idle_straight_0016.png" x="303" y="1" w="300" h="300" pX="0.5" pY="0.5"/>
    <sprite n="cuphead_plane_idle_straight_0017.png" x="303" y="303" w="300" h="300" pX="0.5" pY="0.5"/>
    <sprite n="cuphead_plane_idle_straight_0018.png" x="303" y="605" w="300" h="300" pX="0.5" pY="0.5"/>
    <sprite n="cuphead_plane_idle_straight_0019.png" x="605" y="1" w="300" h="300" pX="0.5" pY="0.5"/>
    <sprite n="cuphead_plane_idle_straight_0020.png" x="605" y="303" w="300" h="300" pX="0.5" pY="0.5"/>
    <sprite n="cuphead_plane_idle_straight_0021.png" x="605" y="605" w="300" h="300" pX="0.5" pY="0.5"/>
    <sprite n="cuphead_plane_idle_straight_0022.png" x="907" y="1" w="300" h="300" pX="0.5" pY="0.5"/>
    <sprite n="cuphead_plane_idle_straight_0023.png" x="907" y="303" w="300" h="300" pX="0.5" pY="0.5"/>
</TextureAtlas>
