<?xml version="1.0" encoding="UTF-8"?>
<!-- Created with TexturePacker http://www.codeandweb.com/texturepacker-->
<!-- $TexturePacker:SmartUpdate:2efb584227091c5c03b9c8d1fa976d30:ebeefd4215d0aaed7da0ad02811b7c96:ce71b78604ce2b1e8aab83eb63e097f3$ -->
<!--Format:
n  => name of the sprite
x  => sprite x pos in texture
y  => sprite y pos in texture
w  => sprite width (may be trimmed)
h  => sprite height (may be trimmed)
pX => x pos of the pivot point (relative to sprite width)
pY => y pos of the pivot point (relative to sprite height)
oX => sprite's x-corner offset (only available if trimmed)
oY => sprite's y-corner offset (only available if trimmed)
oW => sprite's original width (only available if trimmed)
oH => sprite's original height (only available if trimmed)
r => 'y' only set if sprite is rotated
with polygon mode enabled:
vertices   => points in sprite coordinate system (x0,y0,x1,y1,x2,y2, ...)
verticesUV => points in sheet coordinate system (x0,y0,x1,y1,x2,y2, ...)
triangles  => sprite triangulation, 3 vertex indices per triangle
-->
<TextureAtlas imagePath="Plane_Down_Idle_Trans.png" width="1208" height="906">
    <sprite n="cuphead_plane_idle_straight_0038 (1).png" x="1" y="1" w="300" h="300" pX="0.5" pY="0.5"/>
    <sprite n="cuphead_plane_idle_straight_0038 (2).png" x="1" y="605" w="300" h="300" pX="0.5" pY="0.5"/>
    <sprite n="cuphead_plane_idle_straight_0038 (3).png" x="303" y="1" w="300" h="300" pX="0.5" pY="0.5"/>
    <sprite n="cuphead_plane_idle_straight_0038 (4).png" x="303" y="303" w="300" h="300" pX="0.5" pY="0.5"/>
    <sprite n="cuphead_plane_idle_straight_0038 (5).png" x="303" y="605" w="300" h="300" pX="0.5" pY="0.5"/>
    <sprite n="cuphead_plane_idle_straight_0038 (6).png" x="605" y="1" w="300" h="300" pX="0.5" pY="0.5"/>
    <sprite n="cuphead_plane_idle_straight_0038 (7).png" x="605" y="303" w="300" h="300" pX="0.5" pY="0.5"/>
    <sprite n="cuphead_plane_idle_straight_0038 (8).png" x="605" y="605" w="300" h="300" pX="0.5" pY="0.5"/>
    <sprite n="cuphead_plane_idle_straight_0038 (9).png" x="907" y="1" w="300" h="300" pX="0.5" pY="0.5"/>
    <sprite n="cuphead_plane_idle_straight_0038 (10).png" x="1" y="303" w="300" h="300" pX="0.5" pY="0.5"/>
    <sprite n="cuphead_plane_idle_straight_0038 (11).png" x="1" y="303" w="300" h="300" pX="0.5" pY="0.5"/>
</TextureAtlas>
