<?xml version="1.0" encoding="UTF-8"?>
<!-- Created with TexturePacker http://www.codeandweb.com/texturepacker-->
<!-- $TexturePacker:SmartUpdate:4303b4abe54ed1fc7bcf46fe3bd0c448:508c1355feb307ec8d8a819cb8fba0c0:e2423902c15f434897932f69f7a68acc$ -->
<!--Format:
n  => name of the sprite
x  => sprite x pos in texture
y  => sprite y pos in texture
w  => sprite width (may be trimmed)
h  => sprite height (may be trimmed)
pX => x pos of the pivot point (relative to sprite width)
pY => y pos of the pivot point (relative to sprite height)
oX => sprite's x-corner offset (only available if trimmed)
oY => sprite's y-corner offset (only available if trimmed)
oW => sprite's original width (only available if trimmed)
oH => sprite's original height (only available if trimmed)
r => 'y' only set if sprite is rotated
with polygon mode enabled:
vertices   => points in sprite coordinate system (x0,y0,x1,y1,x2,y2, ...)
verticesUV => points in sheet coordinate system (x0,y0,x1,y1,x2,y2, ...)
triangles  => sprite triangulation, 3 vertex indices per triangle
-->
<TextureAtlas imagePath="Plane_Special_Shot.png" width="4010" height="1004">
    <sprite n="cuphead_plane_ex_Shot_001.png" x="1" y="1" w="800" h="500" pX="0.5" pY="0.5"/>
    <sprite n="cuphead_plane_ex_Shot_002.png" x="1" y="503" w="800" h="500" pX="0.5" pY="0.5"/>
    <sprite n="cuphead_plane_ex_Shot_003.png" x="803" y="1" w="800" h="500" pX="0.5" pY="0.5"/>
    <sprite n="cuphead_plane_ex_Shot_004.png" x="803" y="503" w="800" h="500" pX="0.5" pY="0.5"/>
    <sprite n="cuphead_plane_ex_Shot_005.png" x="1605" y="1" w="800" h="500" pX="0.5" pY="0.5"/>
    <sprite n="cuphead_plane_ex_Shot_006.png" x="1605" y="503" w="800" h="500" pX="0.5" pY="0.5"/>
    <sprite n="cuphead_plane_ex_Shot_007.png" x="2407" y="1" w="800" h="500" pX="0.5" pY="0.5"/>
    <sprite n="cuphead_plane_ex_Shot_008.png" x="2407" y="503" w="800" h="500" pX="0.5" pY="0.5"/>
    <sprite n="cuphead_plane_ex_Shot_009.png" x="3209" y="1" w="800" h="500" pX="0.5" pY="0.5"/>
    <sprite n="cuphead_plane_ex_Shot_010.png" x="3209" y="503" w="800" h="500" pX="0.5" pY="0.5"/>
</TextureAtlas>
