<?xml version="1.0" encoding="UTF-8"?>
<!-- Created with TexturePacker http://www.codeandweb.com/texturepacker-->
<!-- $TexturePacker:SmartUpdate:14ad32db9d36f302a5c5cfaa4a895eba:6bfc597174fd4bdea700fc7edb30997f:cfefe74748010e47180a7ba63469d180$ -->
<!--Format:
n  => name of the sprite
x  => sprite x pos in texture
y  => sprite y pos in texture
w  => sprite width (may be trimmed)
h  => sprite height (may be trimmed)
pX => x pos of the pivot point (relative to sprite width)
pY => y pos of the pivot point (relative to sprite height)
oX => sprite's x-corner offset (only available if trimmed)
oY => sprite's y-corner offset (only available if trimmed)
oW => sprite's original width (only available if trimmed)
oH => sprite's original height (only available if trimmed)
r => 'y' only set if sprite is rotated
with polygon mode enabled:
vertices   => points in sprite coordinate system (x0,y0,x1,y1,x2,y2, ...)
verticesUV => points in sheet coordinate system (x0,y0,x1,y1,x2,y2, ...)
triangles  => sprite triangulation, 3 vertex indices per triangle
-->
<TextureAtlas imagePath="Plane_Down_Trans.png" width="1208" height="906">
    <sprite n="cuphead_plane_idle_straight_0024.png" x="1" y="1" w="300" h="300" pX="0.5" pY="0.5"/>
    <sprite n="cuphead_plane_idle_straight_0025.png" x="1" y="1" w="300" h="300" pX="0.5" pY="0.5"/>
    <sprite n="cuphead_plane_idle_straight_0026.png" x="1" y="303" w="300" h="300" pX="0.5" pY="0.5"/>
    <sprite n="cuphead_plane_idle_straight_0027.png" x="1" y="605" w="300" h="300" pX="0.5" pY="0.5"/>
    <sprite n="cuphead_plane_idle_straight_0028.png" x="303" y="1" w="300" h="300" pX="0.5" pY="0.5"/>
    <sprite n="cuphead_plane_idle_straight_0029.png" x="303" y="303" w="300" h="300" pX="0.5" pY="0.5"/>
    <sprite n="cuphead_plane_idle_straight_0030.png" x="303" y="605" w="300" h="300" pX="0.5" pY="0.5"/>
    <sprite n="cuphead_plane_idle_straight_0031.png" x="605" y="1" w="300" h="300" pX="0.5" pY="0.5"/>
    <sprite n="cuphead_plane_idle_straight_0032.png" x="605" y="303" w="300" h="300" pX="0.5" pY="0.5"/>
    <sprite n="cuphead_plane_idle_straight_0033.png" x="605" y="605" w="300" h="300" pX="0.5" pY="0.5"/>
    <sprite n="cuphead_plane_idle_straight_0034.png" x="907" y="1" w="300" h="300" pX="0.5" pY="0.5"/>
</TextureAtlas>
