<?xml version="1.0" encoding="UTF-8"?>
<!-- Created with TexturePacker http://www.codeandweb.com/texturepacker-->
<!-- $TexturePacker:SmartUpdate:24d194a9142af056730422ec93317850:3817727c44f4520851f0b287b45a4bc0:cbe9c98259ee6d00b7411b1cd3198a2f$ -->
<!--Format:
n  => name of the sprite
x  => sprite x pos in texture
y  => sprite y pos in texture
w  => sprite width (may be trimmed)
h  => sprite height (may be trimmed)
pX => x pos of the pivot point (relative to sprite width)
pY => y pos of the pivot point (relative to sprite height)
oX => sprite's x-corner offset (only available if trimmed)
oY => sprite's y-corner offset (only available if trimmed)
oW => sprite's original width (only available if trimmed)
oH => sprite's original height (only available if trimmed)
r => 'y' only set if sprite is rotated
with polygon mode enabled:
vertices   => points in sprite coordinate system (x0,y0,x1,y1,x2,y2, ...)
verticesUV => points in sheet coordinate system (x0,y0,x1,y1,x2,y2, ...)
triangles  => sprite triangulation, 3 vertex indices per triangle
-->
<TextureAtlas imagePath="Clown_Page_Last_Parts_B_Idle_D.png" width="3004" height="5418">
    <sprite n="umbrella_fr_open_0001(25).png" x="1" y="1" w="1500" h="600" pX="0.5" pY="0.5"/>
    <sprite n="umbrella_fr_open_0001(26).png" x="1503" y="1" w="1500" h="600" pX="0.5" pY="0.5"/>
    <sprite n="umbrella_fr_open_0001(27).png" x="1" y="603" w="1500" h="600" pX="0.5" pY="0.5"/>
    <sprite n="umbrella_fr_open_0001(28).png" x="1503" y="603" w="1500" h="600" pX="0.5" pY="0.5"/>
    <sprite n="umbrella_fr_open_0001(29).png" x="1" y="1205" w="1500" h="600" pX="0.5" pY="0.5"/>
    <sprite n="umbrella_fr_open_0001(30).png" x="1503" y="1205" w="1500" h="600" pX="0.5" pY="0.5"/>
    <sprite n="umbrella_fr_open_0001(31).png" x="1" y="1807" w="1500" h="600" pX="0.5" pY="0.5"/>
    <sprite n="umbrella_fr_open_0001(32).png" x="1503" y="1807" w="1500" h="600" pX="0.5" pY="0.5"/>
    <sprite n="umbrella_fr_open_0001(33).png" x="1" y="2409" w="1500" h="600" pX="0.5" pY="0.5"/>
    <sprite n="umbrella_fr_open_0001(34).png" x="1503" y="2409" w="1500" h="600" pX="0.5" pY="0.5"/>
    <sprite n="umbrella_fr_open_0001(35).png" x="1" y="3011" w="1500" h="600" pX="0.5" pY="0.5"/>
    <sprite n="umbrella_fr_open_0001(36).png" x="1503" y="3011" w="1500" h="600" pX="0.5" pY="0.5"/>
    <sprite n="umbrella_fr_open_0001(37).png" x="1" y="3613" w="1500" h="600" pX="0.5" pY="0.5"/>
    <sprite n="umbrella_fr_open_0001(38).png" x="1503" y="3613" w="1500" h="600" pX="0.5" pY="0.5"/>
    <sprite n="umbrella_fr_open_0001(39).png" x="1" y="4215" w="1500" h="600" pX="0.5" pY="0.5"/>
    <sprite n="umbrella_fr_open_0001(40).png" x="1503" y="4215" w="1500" h="600" pX="0.5" pY="0.5"/>
    <sprite n="umbrella_fr_open_0001(41).png" x="1" y="4817" w="1500" h="600" pX="0.5" pY="0.5"/>
    <sprite n="umbrella_fr_open_0001(42).png" x="1503" y="4817" w="1500" h="600" pX="0.5" pY="0.5"/>
</TextureAtlas>
