<?xml version="1.0" encoding="UTF-8"?>
<!-- Created with TexturePacker http://www.codeandweb.com/texturepacker-->
<!-- $TexturePacker:SmartUpdate:a0ad20fd0fd7d52b4b84a6ae1b9cc32e:42eed538dbc186df567af392fa852182:18a8f229e6ac4ecb44193dae96527a76$ -->
<!--Format:
n  => name of the sprite
x  => sprite x pos in texture
y  => sprite y pos in texture
w  => sprite width (may be trimmed)
h  => sprite height (may be trimmed)
pX => x pos of the pivot point (relative to sprite width)
pY => y pos of the pivot point (relative to sprite height)
oX => sprite's x-corner offset (only available if trimmed)
oY => sprite's y-corner offset (only available if trimmed)
oW => sprite's original width (only available if trimmed)
oH => sprite's original height (only available if trimmed)
r => 'y' only set if sprite is rotated
with polygon mode enabled:
vertices   => points in sprite coordinate system (x0,y0,x1,y1,x2,y2, ...)
verticesUV => points in sheet coordinate system (x0,y0,x1,y1,x2,y2, ...)
triangles  => sprite triangulation, 3 vertex indices per triangle
-->
<TextureAtlas imagePath="Clown_Die_Start.png" width="2404" height="4005">
    <sprite n="clown_Wall_Crash__0001(0).png" x="1" y="1" w="1200" h="799" pX="0.5" pY="0.5"/>
    <sprite n="clown_Wall_Crash__0001(1).png" x="1" y="802" w="1200" h="799" pX="0.5" pY="0.5"/>
    <sprite n="clown_Wall_Crash__0001(6).png" x="1203" y="802" w="1200" h="799" pX="0.5" pY="0.5"/>
    <sprite n="clown_Wall_Crash__0001(7).png" x="1203" y="1603" w="1200" h="799" pX="0.5" pY="0.5"/>
    <sprite n="clown_Wall_Crash__0001(8).png" x="1203" y="2404" w="1200" h="799" pX="0.5" pY="0.5"/>
    <sprite n="clown_Wall_Crash__0001(9).png" x="1203" y="3205" w="1200" h="799" pX="0.5" pY="0.5"/>
    <sprite n="clown_Wall_Crash__0001(10).png" x="1" y="1603" w="1200" h="799" pX="0.5" pY="0.5"/>
    <sprite n="clown_Wall_Crash__0001(11).png" x="1" y="2404" w="1200" h="799" pX="0.5" pY="0.5"/>
    <sprite n="clown_Wall_Crash__0001(12).png" x="1" y="3205" w="1200" h="799" pX="0.5" pY="0.5"/>
    <sprite n="clown_Wall_Crash__0001(13).png" x="1203" y="1" w="1200" h="799" pX="0.5" pY="0.5"/>
</TextureAtlas>
