<?xml version="1.0" encoding="UTF-8"?>
<!-- Created with TexturePacker http://www.codeandweb.com/texturepacker-->
<!-- $TexturePacker:SmartUpdate:afe596683084e9ef4890be7ab77a8248:3c6d567c253a6dcc1443cb77453aa776:e1f5e7e04d605fe6c90a99162517d8b5$ -->
<!--Format:
n  => name of the sprite
x  => sprite x pos in texture
y  => sprite y pos in texture
w  => sprite width (may be trimmed)
h  => sprite height (may be trimmed)
pX => x pos of the pivot point (relative to sprite width)
pY => y pos of the pivot point (relative to sprite height)
oX => sprite's x-corner offset (only available if trimmed)
oY => sprite's y-corner offset (only available if trimmed)
oW => sprite's original width (only available if trimmed)
oH => sprite's original height (only available if trimmed)
r => 'y' only set if sprite is rotated
with polygon mode enabled:
vertices   => points in sprite coordinate system (x0,y0,x1,y1,x2,y2, ...)
verticesUV => points in sheet coordinate system (x0,y0,x1,y1,x2,y2, ...)
triangles  => sprite triangulation, 3 vertex indices per triangle
-->
<TextureAtlas imagePath="Helium_Pipe_Intro.png" width="2334" height="1788">
    <sprite n="clown_helium_pipes_boil_0003(0).png" x="1" y="1" w="387" h="445" pX="0.5" pY="0.5"/>
    <sprite n="clown_helium_pipes_boil_0003(1).png" x="1" y="448" w="387" h="445" pX="0.5" pY="0.5"/>
    <sprite n="clown_helium_pipes_boil_0003(2).png" x="1168" y="1" w="387" h="445" pX="0.5" pY="0.5"/>
    <sprite n="clown_helium_pipes_boil_0003(3).png" x="1557" y="448" w="387" h="445" pX="0.5" pY="0.5"/>
    <sprite n="clown_helium_pipes_boil_0003(4).png" x="1557" y="895" w="387" h="445" pX="0.5" pY="0.5"/>
    <sprite n="clown_helium_pipes_boil_0003(5).png" x="1557" y="1342" w="387" h="445" pX="0.5" pY="0.5"/>
    <sprite n="clown_helium_pipes_boil_0003(6).png" x="1946" y="1" w="387" h="445" pX="0.5" pY="0.5"/>
    <sprite n="clown_helium_pipes_boil_0003(7).png" x="1946" y="448" w="387" h="445" pX="0.5" pY="0.5"/>
    <sprite n="clown_helium_pipes_boil_0003(8).png" x="1946" y="895" w="387" h="445" pX="0.5" pY="0.5"/>
    <sprite n="clown_helium_pipes_boil_0003(9).png" x="1946" y="1342" w="387" h="445" pX="0.5" pY="0.5"/>
    <sprite n="clown_helium_pipes_boil_0003(10).png" x="1" y="895" w="387" h="445" pX="0.5" pY="0.5"/>
    <sprite n="clown_helium_pipes_boil_0003(11).png" x="1" y="1342" w="387" h="445" pX="0.5" pY="0.5"/>
    <sprite n="clown_helium_pipes_boil_0003(12).png" x="390" y="1" w="387" h="445" pX="0.5" pY="0.5"/>
    <sprite n="clown_helium_pipes_boil_0003(13).png" x="390" y="448" w="387" h="445" pX="0.5" pY="0.5"/>
    <sprite n="clown_helium_pipes_boil_0003(14).png" x="390" y="895" w="387" h="445" pX="0.5" pY="0.5"/>
    <sprite n="clown_helium_pipes_boil_0003(15).png" x="390" y="1342" w="387" h="445" pX="0.5" pY="0.5"/>
    <sprite n="clown_helium_pipes_boil_0003(16).png" x="779" y="1" w="387" h="445" pX="0.5" pY="0.5"/>
    <sprite n="clown_helium_pipes_boil_0003(17).png" x="779" y="448" w="387" h="445" pX="0.5" pY="0.5"/>
    <sprite n="clown_helium_pipes_boil_0003(18).png" x="779" y="895" w="387" h="445" pX="0.5" pY="0.5"/>
    <sprite n="clown_helium_pipes_boil_0003(19).png" x="779" y="1342" w="387" h="445" pX="0.5" pY="0.5"/>
    <sprite n="clown_helium_pipes_boil_0003(20).png" x="1168" y="448" w="387" h="445" pX="0.5" pY="0.5"/>
    <sprite n="clown_helium_pipes_boil_0003(21).png" x="1168" y="895" w="387" h="445" pX="0.5" pY="0.5"/>
    <sprite n="clown_helium_pipes_boil_0003(22).png" x="1168" y="1342" w="387" h="445" pX="0.5" pY="0.5"/>
    <sprite n="clown_helium_pipes_boil_0003(23).png" x="1557" y="1" w="387" h="445" pX="0.5" pY="0.5"/>
</TextureAtlas>
