<?xml version="1.0" encoding="UTF-8"?>
<!-- Created with TexturePacker http://www.codeandweb.com/texturepacker-->
<!-- $TexturePacker:SmartUpdate:c0bb3a9959a3d2fffe7fc68bebc85688:61f21d7b27f441c2e159a7219c5ff6bc:4e7a0f0141b30f37ba60c0ba8fa5b364$ -->
<!--Format:
n  => name of the sprite
x  => sprite x pos in texture
y  => sprite y pos in texture
w  => sprite width (may be trimmed)
h  => sprite height (may be trimmed)
pX => x pos of the pivot point (relative to sprite width)
pY => y pos of the pivot point (relative to sprite height)
oX => sprite's x-corner offset (only available if trimmed)
oY => sprite's y-corner offset (only available if trimmed)
oW => sprite's original width (only available if trimmed)
oH => sprite's original height (only available if trimmed)
r => 'y' only set if sprite is rotated
with polygon mode enabled:
vertices   => points in sprite coordinate system (x0,y0,x1,y1,x2,y2, ...)
verticesUV => points in sheet coordinate system (x0,y0,x1,y1,x2,y2, ...)
triangles  => sprite triangulation, 3 vertex indices per triangle
-->
<TextureAtlas imagePath="Page_Two_Intro_2.png" width="3510" height="4510">
    <sprite n="clown_helium_tank_l_0001(30).png" x="1" y="1" w="700" h="900" pX="0.5" pY="0.5"/>
    <sprite n="clown_helium_tank_l_0001(31).png" x="703" y="1" w="700" h="900" pX="0.5" pY="0.5"/>
    <sprite n="clown_helium_tank_l_0001(32).png" x="1405" y="1" w="700" h="900" pX="0.5" pY="0.5"/>
    <sprite n="clown_helium_tank_l_0001(33).png" x="2107" y="1" w="700" h="900" pX="0.5" pY="0.5"/>
    <sprite n="clown_helium_tank_l_0001(34).png" x="2809" y="1" w="700" h="900" pX="0.5" pY="0.5"/>
    <sprite n="clown_helium_tank_l_0001(35).png" x="1" y="903" w="700" h="900" pX="0.5" pY="0.5"/>
    <sprite n="clown_helium_tank_l_0001(36).png" x="703" y="903" w="700" h="900" pX="0.5" pY="0.5"/>
    <sprite n="clown_helium_tank_l_0001(37).png" x="1405" y="903" w="700" h="900" pX="0.5" pY="0.5"/>
    <sprite n="clown_helium_tank_l_0001(38).png" x="2107" y="903" w="700" h="900" pX="0.5" pY="0.5"/>
    <sprite n="clown_helium_tank_l_0001(39).png" x="2809" y="903" w="700" h="900" pX="0.5" pY="0.5"/>
    <sprite n="clown_helium_tank_l_0001(40).png" x="1" y="1805" w="700" h="900" pX="0.5" pY="0.5"/>
    <sprite n="clown_helium_tank_l_0001(41).png" x="703" y="1805" w="700" h="900" pX="0.5" pY="0.5"/>
    <sprite n="clown_helium_tank_l_0001(42).png" x="1405" y="1805" w="700" h="900" pX="0.5" pY="0.5"/>
    <sprite n="clown_helium_tank_l_0001(43).png" x="2107" y="1805" w="700" h="900" pX="0.5" pY="0.5"/>
    <sprite n="clown_helium_tank_l_0001(44).png" x="2809" y="1805" w="700" h="900" pX="0.5" pY="0.5"/>
    <sprite n="clown_helium_tank_l_0001(45).png" x="1" y="2707" w="700" h="900" pX="0.5" pY="0.5"/>
    <sprite n="clown_helium_tank_l_0001(46).png" x="703" y="2707" w="700" h="900" pX="0.5" pY="0.5"/>
    <sprite n="clown_helium_tank_l_0001(47).png" x="1405" y="2707" w="700" h="900" pX="0.5" pY="0.5"/>
    <sprite n="clown_helium_tank_l_0001(48).png" x="2107" y="2707" w="700" h="900" pX="0.5" pY="0.5"/>
    <sprite n="clown_helium_tank_l_0001(49).png" x="2809" y="2707" w="700" h="900" pX="0.5" pY="0.5"/>
    <sprite n="clown_helium_tank_l_0001(50).png" x="1" y="3609" w="700" h="900" pX="0.5" pY="0.5"/>
</TextureAtlas>
